name;year;loose;treasurehunt
Muscle speeder;2015;loose;
track ripper;2017;loose;
what-4-2;2004;loose;
96 nissan 180SX type X;2015;loose;
firebird ;2018;loose;
BMW M3 GT2;2011;loose;
lamborghini veneno;2013;loose;
69 dodge charger ;2004;loose;
Salt shaker;2014;loose;
Turbo rooster;2016;loose;
1997 ford f-150;1997;loose;
F1 racer;2016;loose;
Dodge Challenger Drift car;2010;loose;
Audacious;2002;loose;
Synkro;;loose;
DeLorean (DMC);2009;loose;
Amazoom;2013;loose;
X-steam;2014;loose;
Heavy hitcher;2018;loose;
Horseplay;2012;loose;
Time shifter;2017;loose;
Lambo urus;2014;loose;
Arrow dynamic;2012;loose;
Time attaxi;2015;loose;
Synkro;2009;loose;
Stockar;2012;loose;
Pony up;2001;loose;
Pro stock chevy s10;2000;loose;
12 corvette ZO6;2012;loose;
71 dodge demon;2008;loose;
Olds 442;2009;loose;
?(build up car);2015;loose;
Lambo estoque;2011;loose;
Mazda REPU;2016;loose;
Honda racer;2014;loose;
Hiway hauler;2014;loose;
Shoe box;2000;loose;
Circle trucker;2010;loose;
85 mustang convertible;2013;loose;
Power Rocket;2016;loose;
Scoops di fuego;2009;loose;
Split decision;2012;loose;
GAZELLA R;2017;loose;
10 pro stock camaro;2010;loose;
RD-03;2014;loose;
revited;2004;loose;
82 Nissan skyline R30;2017;loose;
71 Datsun 510 wagon;2012;loose;
Custom 77 dodge van;2018;loose;
Lancia stratos;2014;loose;
Custom 56 ford truck;2008;loose;
hotweiler;2016;loose;
Baja hauler;2016;loose;
vandetta;2017;loose;
Monster diary delivery;2012;loose;
Nitrium;2013;loose;
Aston Martin one-77;2011;loose;
Golden arrow;2002;loose;
Two timer;2014;loose;
Chevy Camaro concept;2011;loose;
Roller toaster;2016;loose;
Custom 62 chevy;2015;loose;
Porsche 934 turbo RSR;2014;loose;
68 copo camaro;2010;loose;
Fairlady 2000;2016;loose;
Porsche 934.5;2016;loose;
Toyota AE-86 Corolla;2005;loose;
Ford GT LM;2015;loose;
67 Plymouth GTX;2009;loose;
Zoom in;2017;loose;
Old number 5.5;2011;loose;
Porsche 918 spyder;2012;loose;
Cyber speeder;2017;loose;
Double vision;1998;loose;
Dodge XP-07;2019;loose;
Fast felion;2008;loose;
RRRoadster;2014;loose;
Gas monkey 68 corvette;2016;loose;
Studebaker avanti;1963;loose;
1941 ford Pickup truck;2002;loose;
52 chevy;2006;loose;
11 Dodge Charger R/T;2013;loose;
Lambo murcielago;2002;loose;
Cabbin fever;2000;loose;
Howlin’ heat;2010;loose;
What a drag;1998;loose;
71 Ford Mustang mach 1;2019;loose;
Ferrari 430 scuderia;2008;loose;
Porsche 911 GT3 RS;2010;loose;
Rocketfire;2009;loose;
Power pipes;2011;loose;
backdrafter;2014;loose;
Lamborghini huracan LP 620-2 Super trofeo;2016;loose;
Hot wheels high;2013;loose;
Fast felion;2008;loose;
Avant garde;2008;loose;
Avant garde;2008;loose;
Honda S2000;2010;loose;
Fast master;2017;loose;
Rev rod;2017;loose;
Rev rod;2018;loose;
Cockney cab;2005;loose;
Customised C3500;1997;loose;
71 Plymouth GTX;2010;loose;
Epic fast;2017;loose;
Grassed lightnin’;2000;loose;
Dodge Charger SRT8;2006;loose;
Velocita;2017;loose;
Pikes peak celica;1997;loose;
C6 corvette;2003;loose;
Enzo ferrrari;2002;loose;
Tread air;2009;loose;
Torque screw;2004;loose;
24/seven;2002;loose;
High voltage;2005;loose;
Brit speed;2009;loose;
09 corvette ZRI;2008;loose;
Fi racer;2017;loose;
Volkswagen T2Pickup truck;2016;loose;
Ford GT LM;2015;loose;
ford GT-40 ;1999;loose;
69 COPO Corvette;2010;loose;
1968 Mustang;2002;loose;
Sting Rod;2009;loose;
Midnight Otto;2001;loose;
Porsche Carrrera GT;2006;loose;
Hover and Out ;2017;loose;
Grassed lightnin’;2000;loose;
GOTTA GO ;;loose;
The Haulinator;2014;loose;
tyrell p34;2010;loose;
The Gov' ner;2015;loose;
Baja Bone SHAKER;2012;loose;
2012 Acura NSX Concept;2012;loose;
Hummmer;2008;loose;
911 GT3 Cup;1998;loose;
66 Chevy corvette;2016;loose;
Mazda furai;2009;loose;
?( race car);1998;loose;
Lamborghini Sesto Elemento;2013;loose;
Astro funk;2011;loose;
Lamborghini Sesto Elemento;2013;loose;
Silver Bullet 9;1974;loose;
67 Plymouth gtx;2009;loose;
40 somethin;2001;loose;
rogue hog;2007;loose;
F-Racer;2003;loose;
Aston Vantage V8 vantage;;loose;
Corvette SR2;2001;loose;
Corvette Stingray ;;loose;
65 impala;1996;loose;
metaloid;2005;loose;
turbolence;1999;loose;
Bone Shaker;2016;loose;
chicane;2014;loose;
police ?;2010;loose;
porsche carrera gt;;loose;
Mclaren P1;2014;loose;
tour de Fast;2016;loose;
Lamborghini Huracan LP 610-4;2014;loose;
Mclaren 720s;2017;loose;
Plymouth Barracouda;;loose;
32 Ford;1997;loose;
twin Mill;1969;loose;TH
Sky Dome;2016;loose;
Cadillac Lmp;2000;loose;
Lamborghini Aventador LP 700-4;2011;loose;
prutalstic;2004;loose;
Power Sander;;loose;
Corvette Stingray Gmtm;2002;loose;
The Embosser ;2016;loose;
Volkswagen Käfer racer;2016;loose;
Time Tracker;2012;loose;
Street Wiener;2017;loose;
Retro Active ;2010;loose;
Lamborghini Murcielago ;2002;loose;
Porsche 934 turbo RSR;2014;loose;
Muscle speeder;2015;loose;
Morris Mini ;2000;loose;
Aston Martin one-77;2000;loose;
2016 Ford Gt Race;2016;loose;
Dodge Viper ;2006;loose;
Nissan Fairlady Z;2015;loose;
Prototype H-24;2007;loose;
General Corp.;;loose;
Midnight Otto;2001;loose;
Rd-03;2014;loose;
Lambo. Gall. LP 570-4 Supperlage.;2010;loose;
14 Corvette Stingray;2013;loose;
cruise bruiser;2015;loose;
spider rider;;loose;
RD-03;;loose;
2011 IndyCar Oval Course race car;2011;loose;
Corvette grand sport;2008;loose;
Custom '01 Acura integra GSR;2015;loose;
69 Chevelle SS 396;2008;loose;
Corvette C6-R;2007;loose;
BMW M3 ;2010;loose;
17 Pagani Huayra roadster;2017;loose;
Jaded;2001;loose;
32 Ford;1997;loose;
Power Pistons;1994;loose;
Old # 3;2000;loose;
Pagani Huayra;2012;loose;
Ford Thunderbolt;2001;loose;
Dune it up;2008;loose;
Lotus Esprit S1;2014;loose;
Carbonator;2008;loose;
69 Chevelle;2004;loose;
Monteracer;2015;loose;
70 Plymouth AAR Cuda;2008;loose;
64 Chevelle SS  TM GM;2011;loose;
project speeder;2013;loose;
70 Chevelle SS Wagon TM GM;2018;loose;
Chevrolet SS TM GM;2011;loose;
Time Traker;2012;loose;
twin Mill;;loose;
Lamborghini Reventon Roadster;2010;loose;
Corvette grand sport;2008;loose;
Repo Duty;2013;loose;
Fast 4WD;2013;loose;
Corvette Grand sport;2012;loose;
67 Camaro ;2016;loose;
Swamp Buggy;2008;loose;
Porsche 911 GT3 RS;2016;loose;
Aston martin Vantage;2010;loose;
Corvette C6-R;2012;loose;
Lamborghini Sesto Elemento;2013;loose;
Dune Crusher;2013;loose;
Tire Fryer;2002;loose;
Monteracer;2016;loose;
Blitzspeeder;2015;loose;
Dirty Outlaw;2011;loose;
Porsche 918 spyder;2012;loose;
Track Ripper;2017;loose;
Lotus Esprit ;2001;loose;
BMW M4;2014;loose;
Low Carbs;2005;loose;
Med-evil;2006;loose;
Lamborghini Reventon Roadster;2010;loose;
Track Hammer;2016;loose;
Subaru Impreza;2019;loose;
Hyperliner;2001;loose;
slider;2008;loose;
Burl-Esque;2012;loose;
Super Gnat;2013;loose;
Ballistik ;2001;loose;
Chrysler ;2008;loose;
road bandit;2019;loose;
Quick N Sik;2012;loose;
Porsche 934.5;2016;loose;
rivited;2005;loose;
la fasta;2008;loose;
Porsche 934.5;2016;loose;
Runway Res-Q;2018;loose;
Gearonimo;2016;loose;
Time Tracker;2012;loose;
Chevy Nomad;1969;loose;
Slide Kick;2018;loose;
driftsta;2014;loose;
sky Boat;2018;loose;
Mclaren F1 GTR;2017;loose;
Aston Martin V8 Vantage;2015;loose;
Firebird;1997;loose;
groot;2016;loose;
Asphalt Assault;2003;loose;
CUL8R;2003;loose;
Jaguar XJ220;2018;loose;
Jaguar XJ220;2016;loose;
total disposal;2019;loose;
Back to the future Time Machine-Hovermode;2015;loose;
Stockcar;2005;loose;
Barbaric;2009;loose;
16 Mercedes AMG Gt3;2017;loose;
snoopy;2015;loose;
sandblaster;2015;loose;
Da'Kar;2008;loose;
Amazoom;2013;loose;
Street shaker;2017;loose;
1996 porsche carrera;2018;loose;
fast fish;;loose;
Big rig heat;2018;loose;
rock n race;2013;loose;
lamborghini countach;2004;loose;
renault sport rs;2015;loose;
scooby doo monster truck;;loose;
fast bed hauler;2013;loose;TH
pencil pusher;2016;loose;
speed blaster;2014;loose;
vw beetle;2012;loose;
Lamborghini Reventon ;2014;loose;
Ford Gt Lm;2005;loose;
Lamborghini gallardo lp 570-4 superleggera;2010;loose;
off track;2004;loose;
rogue hog;2007;loose;
16 mercedes amg gt3;2017;loose;
rogue hog;2007;loose;
ford focus;2008;loose;
custom 53 chevy;;loose;
f1 racer;2016;loose;
flight 03;2002;loose;
chevroletor;2007;loose;
rig heat ;2016;loose;
volkswagen brasilia;2010;loose;
Lamborghini Sesto Elemento;2013;loose;
off duty;2013;loose;
69 camaro;;loose;
ratical racer;2012;loose;
4ward speed;2014;loose;
carbide;2014;loose;
graffiti chrysler;2012;loose;
porsche 993 gt2;2012;loose;
mr11;2013;loose;
schell shock;2007;loose;
drift rod;2016;loose;
ratmobile;2011;loose;
winning formula;2014;loose;
sand buggy;2013;loose;
teleporting car;1996;loose;
formula solar;2015;loose;
street shaker;2011;loose;
sting rod 2;2015;loose;
sand stinger;2002;loose;
scania rally truck;2019;loose;
porsche carrera  ;2018;loose;
mission control rig;2004;loose;
haulin horsepower;2016;loose;
Ford Gt Lm;2015;loose;
sky dome;2016;loose;
monteracer;2015;loose;
driftsta;2014;loose;
f1 racer;2019;loose;
24 ours;2010;loose;
mach speeder;2017;loose;
la fasta;2008;loose;
electro silhouette;2018;loose;
RD-10;2004;loose;
forward force;2019;loose;
what-4-2;2004;loose;
Bye focal II;2009;loose;
hypertruck;2012;loose;
Burl-Esque;2015;loose;
92 BMW M3;2011;loose;
85 Honda City Turbo II;2017;loose;
Custom Ford Maverick;2017;loose;
70 road runner;2018;loose;
71 maverick grabber;2009;loose;
plymouth superbird;2012;loose;
71 el camino;2009;loose;
pass 'n gasser;2007;loose;
renault sport rs;2015;loose;
dodge challenger drift car;2010;loose;
ford fucos rs;2016;loose;
track manga;2017;loose;
cuastom '12 ford mustang;2011;loose;
buggatti chiron;2018;loose;
Aston Martin V8 Vantage;2015;loose;
lamborghini venneno;2013;loose;
lotus esprit;2001;loose;
15 Jaguar f-type progect 7;;loose;
Jaguar XE SV Project 8;2018;loose;
Slide Kick;2018;loose;
Surf 'N Turf;2016;loose;
Custom '69 Chevy ;2001;loose;
Tesla Model 3;2018;loose;
Datsun 620;2013;loose;
‘67 Camaro;2016;loose;
‘73 Ford Falcon XB;2009;loose;
GRUPPO x24;2018;loose;
Crescendo;2016;loose;
Dune-A-Soar;2017;loose;
1968 Mustang;2002;loose;
Porsche 917LH;2017;loose;
BAZOOMKA;2017;loose;TH
BMW M1;1982;loose;
Rip rod;2013;loose;TH
Crate racer;2015;loose;TH
Turbo turret;2013;loose;
Loop coupe;2012;loose;
Scoopa di Fuego;2009;loose;
Dieselboy;2006;loose;
Mazda MX-5 Miata;2015;loose;
Bye Focal II;2018;loose;
Mad Manga;2011;loose;
HW40;2007;loose;
OFF Track;2018;loose;
Scoops di fuego;2009;loose;
1970 Chevrolet chevelle SS;2012;loose;
Clear Speeder;2014;loose;
Super volt;2014;loose;
What - 4 - 2;2004;loose;
‘17 Acura NSX;2015;loose;
Lotus Esprit;2014;loose;
Nissan Skyline H/T 2000GT-X;2011;loose;
‘17 Ford Gt;2015;loose;
‘16 Lamborghini Centenario Roadster;2018;loose;
Scoops di fuego;2009;loose;
‘68 Copo camaro;2010;loose;
Honda S2000;2010;loose;
Escort Rally;2015;loose;
Corvette C7 Z06 convertible ;2017;loose;
‘19 Chevrolet Corvette ZR1 convertible ;2019;loose;
‘73 Pontiac Firebird;2011;loose;
High Voltage;2004;loose;
High Voltage;2004;loose;
Dieselboy;2006;loose;
1970 Chevrolet Chevrolet SS;2012;loose;
track star;2005;loose;
12 corvette Z06;2012;loose;
69 camaro;2007;loose;
Nissan Skyline Gt-r r34;2009;loose;
70 monte carlo;2019;loose;
Porsche 911 GT3 CUP;1998;loose;
67 custom mustang;1998;loose;
duck n' roll;2019;loose;
2010 ford mustang gt;2013;loose;
10 camaro ss;2009;loose;
BMW 2002;2011;loose;
71 datsun 510;2009;loose;
rodger dodger ;1970;loose;
moto wing;2018;loose;
Honda monkey Z50;2016;loose;
Subaru Impreza 22B STI-Version;2019;loose;
Subaru Impreza 22B STI-Version;2019;loose;
night shifter;2015;loose;
84 audi sport;2018;loose;
i-believe;2018;loose;
loco motorin;2019;loose;
porsche 917lh;2017;loose;
porsche 356 outlaw;2015;loose;
circle tracker;2008;loose;
formula flashback;2016;loose;
poison arrow;2017;loose;
2jetz;2019;loose;
2jetz;2019;loose;
ford gt-40;1999;loose;
erkenstein rod;2019;loose;
92 ford mustang;2007;loose;
formula e gen 2;2019;loose;
roborace robocar;2018;loose;
65 Mustang Fastback;2007;loose;
86 Monte Carlo SS;2010;loose;
Audi RS Coupé;2018;loose;
Nissan 300ZX TT;2018;loose;
Big-Air Bel-Air;2019;loose;
2005 Ford Mustang;2015;loose;
Tanknator;2015;loose;
Haul-o-Gram;2018;loose;
Alpine A110;2018;loose;
69 Camaro;2006;loose;
70 Ford Escort Rs1600;2014;loose;
69 Ford Mustang Boss 302;2019;loose;
Mattel Dream mobile;2019;loose;
71 Datsun 510 wagon;2012;loose;
68 Nova;2008;loose;
2018 Bentley Continental GT3;2020;loose;
Pedal de Metal;2009;loose;
2018 Ford Mustang GT;2017;loose;
grand cross;2019;loose;
croc rod;2008;loose;
2 Tuff ;2018;loose;
Mazda Rx-7;2015;loose;
Shelby cobra 427 S/C;2019;loose;
49 Volkswagen Beetle Pickup truck;2018;loose;
cloak and dagger;2007;loose;
Hw Warp Speeder;2019;loose;
95 Mazda Rx-7;2017;loose;
Indy 500 Oval;2011;loose;
Baja Truck;2019;loose;
Hot Wheels Ford Transit Connect;2019;loose;
BMW K 1300 R;2013;loose;
42 Willys MB;2019;loose;
Twinduction;2010;loose;
T-Rextroyer;2010;loose;
80 Chevy El Camino;2007;loose;
1991 GMC Syclone;2019;loose;
Custom small Block;2020;loose;
TV series Batmobile;2007;loose;
89 Porsche 944 Turbo;2019;loose;
The Gov'Ner;2003;loose;
1996 Porsche Carrera;2018;loose;
Speedbox;2012;loose;
Fig Rig;2020;loose;
HW50 Concept;2018;loose;
HW 40;2007;loose;
Batman: Arkham Knight Batmobile;2015;loose;
The Nash;2020;loose;
2020 Jaguar F-type;2020;loose;
Rockin' Santa Sled;2019;loose;
1970 Chevelle SS;1998;loose;
Triumph TR6;2009;loose;
2020 Keonigsegg Jesko;2020;loose;
Land Rover Defender 90;2019;loose;
Chill mill;2015;loose;
Geoterra;2019;loose;
70 Dodge Power Wagon;2010;loose;
Hyper Rocker;2018;loose;
HW450F;2007;loose;
Custom Cadillac Fleetwood;2012;loose;
20 Ford Shelby GT500;2020;loose;
Porsche 911 Gt3 RS;2018;loose;
Donut Drifter;2019;loose;
Veloci-Racer;2019;loose;
forward force;2019;loose;
rodger dodger 2.0;2018;loose;
Pixel shaker;2019;loose;
Bone Shaker;2006;loose;
ratical racer;2012;loose;
64 Chevy Nova Gasser;2018;loose;
2020 Jeep Gladiator;2019;loose;
Manga Tuner;2019;loose;
El Viento;2016;loose;
Dodge Viper SRT10 ACR;2019;loose;
Mclaren P1;2014;loose;
Head Starter;2016;loose;
Nissan Silvia (s13);2019;loose;
2019 mercedes-Benz A-Class;2018;loose;
49 Merc;2003;loose;
19 Kia Stinger GT;2019;loose;
19 Kia Stinger GT;2019;loose;
91 Mazda MX-5 Miata;2018;loose;
1991 GMC Syclone ;2019;loose;
see me rollin';2020;loose;
89 Mazda Savanna RX-7 FC3S;2019;loose;
Mclaren 720S;2017;loose;
Toyota 2000GT;2011;loose;
Bone Shaker;2005;loose;
10 Chevy Impala;2010;loose;
Kick Kart;2017;loose;
Octane;2018;loose;
Toyota AE86 Sprinter Trueno;2020;loose;
Toyota AE86 Sprinter Trueno;2020;loose;
2018 Honda Civic Type R;2018;loose;
16 Bugatti Chiron;2018;loose;
Cable (Marvel);2017;loose;
Symbolic;;loose;
dodge challenger drift car;2010;loose;
Duel fueler;2015;loose;
Nissan Skyline GT-r r34;2009;loose;
Nissan 300ZX TT;2018;loose;
Voltage spike;2015;loose;
Custom '01 Acura Integra GSR;2015;loose;
HW pursuit;2012;loose;
Corvette Grand Sport Roadster;2018;loose;
Ice Charger;2017;loose;
Blitzspeeder;2015;loose;
71 Plymouth GTX;2011;loose;
Corvette Grand Sport Roadster;2014;loose;
2019 Audi R8 Spyder;2019;loose;
Mod rod;2019;loose;
Alpha Pursuit;2019;loose;
Aston Martin One-77;2011;loose;
2008 Lancer Evolution;2008;loose;
Muscle Bound;2018;loose;
Twin Mill Gen-E;2018;loose;
BMW Z4 M;2019;loose;
Deora III;2018;loose;
Corvette C7 Z06  ;2016;loose;
8 Crate;2002;loose;
Tooligan;2009;loose;
HI-Tech Missile;2013;loose;
Range Rover Velar;2016;loose;
Lindster Prototype;2019;loose;
Greenwood Corvette;2012;loose;
Teegray;2010;loose;
Rip rod;2013;loose;
69 Dodge Charger 500;2014;loose;
Aisle Driver;2016;loose;
2011 Camaro;2010;loose;
Batmobile;2018;loose;
Aston Martin Vulcan;2018;loose;
Mclaren Senna;2018;loose;
LB-Works Lamborghini Huracan coupe;2020;loose;
Corvette C7 Z06 convertible ;2017;loose;
89 Mazda Savanna RX-7 FC3S;2019;loose;
The skate Grom;2013;loose;
1991 GMC Syclone ;2019;loose;
Mustang Funny Car;2020;loose;TH
Fleet Flyer;2017;loose;
Mercedes Benz 190E 2.5-16;2016;loose;
95 Mazda Rx-7;2018;loose;
Lamborghini Aventador Coupe;2011;loose;
Mercedes Benz 500E;2020;loose;
67 Ford Mustang GT;2010;loose;
2018 Honda Civic Type R;2018;loose;
Subaru BRAT;2012;loose;
2018 Bentley Continental GT3;2020;loose;
Lamborghini Sesto Elemento;2013;loose;
Tour de Fast;2016;loose;
Lotus Europe special - 1972 ;2008;loose;
98 Honda Prelude;2019;loose;
21 Ford Bronco;2020;loose;
17 Ford F-150 Raptor;2015;loose;
GT Hunter;2014;loose;
2002 Nissan Skyline GTR R34;;loose;
2020 Koenigsegg Jesko;2020;loose;
2017 Camaro ZL1;2016;loose;
2013 Viper ;2016;loose;
13 Ford mustang GT;2012;loose;
Honda Civic SI;2000;loose;
Porsche 993 GT2;;loose;
Flintmobile;;loose;
Nissan leaf nismo RC_02;2020;loose;
Audacious ;2002;loose;
89 Porsche 944 Turbo;2019;loose;
69 copo camaro;2019;loose;
67 Jeepster commando;2018;loose;
Porsche Taycan Turbo S;2020;loose;
17 Nissan GTR (R35);2016;loose;
2015 Mazda MX-5 Miata;2015;loose;
Rockstar;2003;loose;
Aston Martin Vulcan;2018;loose;
Custom '18 Ford Mustang GT;2018;loose;
Quad Rod;2016;loose;
2020 Konigsegg Jesko;2020;loose;
20 Toyota GR Supra;2020;loose;
Renault sport RS;2015;loose;
Maximum Leeway;2012;loose;
Super Stinger;2009;loose;
Audacious ;2002;loose;
1985 Honda CR-X;2015;loose;
Geoterra;2019;loose;
Disney steamboat;2020;loose;
Jaguar XE SV Project 8;2018;loose;
Triumph TR6;2009;loose;
12 Ford Fiesta;2011;loose;
Dune Crusher;2013;loose;
2018 Camaro SS;2017;loose;
Jaguar XE SV Project 8;2018;loose;
Lancia Delta Integrale;2020;loose;
cosmic coupe;2020;loose;
1967 Ford GT40 Mk.IV;2020;loose;
1967 Ford GT40 Mk.IV;2020;loose;
68 Mercury Cougar;2013;loose;
Scion xB;2004;loose;
Indy 500 Oval;2011;loose;
Car-de-Asada;2020;loose;
Porsche 914 Safari;2020;loose;
Twin Mill    ;2018;loose;
85 Chevrolet Camaro Iroc-Z;2011;loose;
98 Honda Prelude;2019;loose;
2016 Honda Civic Type-R;2016;loose;
Formula E Gen 2;2019;loose;
Subaru WRX STI;2011;loose;
Subaru WRX STI;2011;loose;
Ford GT-40;2019;loose;
Rodger-Dodger;2018;loose;
Jaguar XE SV Project 8;2018;loose;
Minecart ;2015;loose;
Muscle Bound;2018;loose;
Mazda RX-3;2015;loose;
17 Nissan GTR (R35);2016;loose;
Roborace Robocar;2018;loose;
LB-Silhouette Works GT Nissan 35GT -RR Ver. 2;2020;loose;
64 Corvette Stingray;2007;loose;
Nissan Skyline 2000 GT-R;2011;loose;
68 Shelby Gt500;2012;loose;
Corvette C8.R;2020;loose;
70 Challenger ;2006;loose;
Muscle and Blown;2020;loose;
98 Subaru Impreza 22B STI- Version;2019;loose;
Fairlady 2000;2016;loose;
68 Dodge Dart;2010;loose;
21 Ford Bronco;2020;loose;
Nissan R390 GT1;2020;loose;
Range Rover Classic;2021;loose;
1995 Nissan Hardbody (D21);2019;loose;
Custom Ford Bronco;2007;loose;
20 Toyota Tacoma;2021;loose;
Mighty K;2021;loose;
LB-Silhouette Works GT Nissan 35GT -RR Ver. 2;2020;loose;
Honda S2000;2010;loose;
Toyota AE86 Sprinter;2020;loose;
Custom '01 Acura Integra GSR;2015;loose;
Subaru WRX STI;2021;loose;
19 Chevrolet Silverado Trail Boss LT.;2017;loose;
91 Mazda MX-5 Miata;2018;loose;
69 COPO Corvette;2010;loose;
Mazda REPU;2016;loose;
LB Super Silhouette Nissan Silvia (S15);2021;loose;
Toyota AE86 Sprinter Trueno;2020;loose;
BMW M3 GT2;2011;loose;
15 Land Rover Defender Double Cab;2017;loose;
Nissan Skyline 2000 GT-R;2011;loose;
63 Studebaker;2021;loose;
Ford Mustang Mach-E 1400;2021;loose;
Tesla Cybertruck ;2020;loose;
La Troca;2020;loose;
Formula Solar;2015;loose;
Volvo 850 Estate;2019;loose;
Track Ripper;2017;loose;
Monteracer;2015;loose;
Growler;2011;loose;
Exotique;2017;loose;
Speed Spider;2015;loose;
Lotus Esprit S1 ;2014;loose;
HW Warp Speeder ;2019;loose;
32 Ford;1997;loose;
Electro Silhouette;2018;loose;
Mach Speeder ;2017;loose;
Sling shot;2001;loose;
Cyber speeder;2017;loose;
Carbide;2014;loose;
Formul8r;2005;loose;
Bedlam;2003;loose;
Rev Rod;2014;loose;
2012 Volkswagen Beetle;2012;loose;
Zombot;2017;loose;
2020 Corvette ;2019;loose;
70 Chevelle SS Wagon;2008;loose;
BOT Wheels;2018;loose;
Night Burner;2016;loose;
Time Tracker;2012;loose;
Loopster;2014;loose;
2018 Bentley Continental GT3;2020;loose;
Buns of Steel;2018;loose;
Turtoshell;2020;loose;
Ford GT-40;1999;loose;
Mars Perseverance Rover;2012;loose;
speed dozer;2013;loose;
Toyota Land Cruiser;2020;loose;
Loco Motorin;2019;loose;
Mclaren F1 GTR;2017;loose;
The Mystery Machine;2012;loose;
Raijin Express;2020;loose;
Loopster;2014;loose;
Loopster;2014;loose;
Impavido;2015;loose;
69 Ford Torino Talladega;2008;loose;
Volkswagen Beetle;1988;loose;
GT-Scorcher;2020;loose;
2020 Ram 1500 Rebel;2019;loose;
V8 Bomber;2020;loose;
Mercedes benz Unimog;2021;loose;
Ducati Scrambler;2021;loose;
Caged Cargo;2013;loose;
2018 Camaro SS ;2017;loose;
Ford Focus RS;2016;loose;
70 Toyota Celica;2012;loose;
A'int Fare;2020;loose;
McLaren Speedtail;2019;loose;
88 Honda CRX;2018;loose;
Aston Martin Vulcan;2018;loose;
2007 Audi R8;2019;loose;
2008 Tesla Roadster;2008;loose;
Nissan Skyline H/T 2000GT-X;2011;loose;
71 Maverick Grabber ;2009;loose;
71 Plymouth road runner;2021;loose;
Land rover Defender 90;2019;loose;
HW Warp Speeder ;2019;loose;
65 Ford Ranchero;2010;loose;
59 Chevy Impala;2012;loose;
ZOTIC;2002;loose;
Growler;2011;loose;
GT Hunter;2014;loose;
Track Hammer;2016;loose;
Landspeeder;2020;loose;
Mitsubishi Evo;2003;loose;
Lamborghini Sesto Elemento;2013;loose;
Lancia Delta Integrale;2020;loose;
20 Ford Shelby GT500;2020;loose;
Nissan 370Z;2009;loose;
61 Impala;2011;loose;
2013 Viper;2012;loose;
55 Chevy ;2006;loose;
Formula E Gen 2;2019;loose;
Rocket Oil Special;2020;loose;
Lamborghini Gallardo LP 560-4;2010;loose;
Lamborghini Gallardo LP 560-4 polizia;2012;loose;
Toyota off-road Truck;2015;loose;
Land rover Defender 90;2019;loose;
Trak Tune;2003;loose;
85 Camaro Iroc-z;2011;loose;
Monteracer;2015;loose;
Lethal Diesel;2020;loose;
Porsche 911 GT2;2010;loose;
16 Lamborghini Centenario roadster;2018;loose;
Ford GT-40;1999;loose;
Track Ripper;2017;loose;
Lindster Prototype;2019;loose;
98 Subaru Impreza 22B STI- Version;2019;loose;
Scion FR-S;2013;loose;
Draftnator;2020;loose;
Corvette C8.R;2020;loose;
19 Chevrolet Corvette ZR1 Convertible;2019;loose;
67 Camaro;2016;loose;
Power Pro;2001;loose;
90 Acura NSX;2014;loose;
Porsche 934 Turbo RSR;2014;loose;
Cyber speeder;2017;loose;
Vokswagen Golf;1989;loose;
Aston Martin Vantage GT3;2014;loose;
Cyber speeder;2017;loose;
Midnight Otto;2001;loose;
P-Wing;2019;loose;
Custom '70 Honda N600;2020;loose;
Bone Shaker;2005;loose;
Mclaren P1;2016;loose;
Mercedes Benz Actros;2020;loose;
Ford Shelby GT350R;2015;loose;
Time Tracker;2012;loose;
Nissan R390 GT1;2020;loose;
Sharkruiser;1986;loose;
Batmobile;2020;loose;
17 Acura NSX;2015;loose;
Pharodox;2014;loose;
Land rover Defender 90;2019;loose;
Monoposto;2000;loose;
Driftsta;2014;loose;
Nissan 350z;2005;loose;
72 Ford Fran Torino Sport;2010;loose;
Volkswagen Kool Kombi;2012;loose;
17 Acura NSX;2012;loose;
Bedlam;2003;loose;
Mercedes - Benz 300 SL;2019;loose;
Track Ripper;2017;loose;
Erikenstein Rod;2019;loose;
Plymouth Barracuda;1969;loose;
Corvette Grand Sport;2018;loose;
17 Audi Rs 6 Avant;2017;loose;
Rigor Motor;1994;loose;
Rigor Motor;1994;loose;
Porsche 918 Spyder;2017;loose;
Aston Martin One-77;2011;loose;
09 Ford Focus RS;2010;loose;
1999 Porsche Carrera;2018;loose;
Growler;2011;loose;
MR11;2013;loose;
Monteracer;2015;loose;
Bone Shaker;2006;loose;
Formul8r;2005;loose;
67 Camaro;2016;loose;
Aston martin valhalla concept;2021;loose;
16 Cadillac ATS-V R;2017;loose;
87 Dodge D100;2018;loose;
F-150 SVT Lightning ;2020;loose;
2020 Tesla Roadster;2020;loose;
Custom '70 Honda N600;2020;loose;
57 Chevy;2018;loose;
17 Ford GT;2015;loose;
Alfa Romeo 8C Competizione;2013;loose;
Custom '70 Honda N600;2020;loose;
98 Honda prelude;2019;loose;
Mighty K;2021;loose;
Mclaren P1;2020;loose;
70 Toyota Celica;2012;loose;
62 Nissan Skyline R30 ;2017;loose;
F1 Racer;;loose;
Fast Fish;;loose;
Ford Focus RS;2016;loose;
Nissan Skyline 2000 GT-R;2021;loose;
87 Ford Sierra Cosworth;2021;loose;
1986 Toyota Van;2021;loose;
Audi RS e-tron GT;2021;loose;
"Volkswagen ""Baja Bug""";2021;loose;
2020 Jeep Gladiator;2019;loose;
Lamborghini Huracan Coupé;2020;loose;
PPC.ARR ;2013;loose;
Mach it go;2021;loose;
1970 Chevrolet Chevelle SS;2012;loose;
19 Ford Ranger Raptor;2018;loose;
17 Ford GT;2015;loose;
Ford Falcon Race ;2011;loose;
Ford Mustang Mach-E 1400;2021;loose;
Exotique;2017;loose;
Veloci-Racer;2019;loose;
Subaru WRX STI;2021;loose;
Toon'd '83 Chevy Silverado;2021;loose;
Haulin' Class;2021;loose;
Custom Volkswagen hauler;2015;loose;
Lucid air;2021;loose;
20 Toyota Tacoma;2021;loose;
Nissan Skyline 2000 GT-R;2011;loose;
Humvee;2014;loose;
70 chevy camaro rs;2020;loose;
Rennen rig;2010;loose;
Lolux;2021;loose;
12 Ford Fiesta;2011;loose;
67 Ford Gt40 Mk. IV;2020;loose;
Shelby cobra 427 S/C;2019;loose;
Toyota Land Cruiser 80;2020;loose;
Mad manga;2011;loose;
Glory Chaser;2021;loose;
94 Audi Avant Rs2;2020;loose;
K.I.T.T. Super Pursuit Mode;2013;loose;
99 Honda Civic type R;2020;loose;
Nissan leaf nismo RC_02;2020;loose;
68 Plymouth barracuda formula S;2012;loose;
71 Dodge Charger;2009;loose;
15 Challenger SRT;2015;loose;
Volvo 240 Drift Wagon;2022;loose;
Donut Drifter;2019;loose;
Altered ego;2012;loose;
Lancia Delta Integrale;2020;loose;
84 Mustang SVO;2011;loose;
68 Mercury Cougar;2013;loose;
Shelby cobra 427 S/C;2019;loose;
Lotus Evija;2021;loose;
Volvo 850 Estate;2019;loose;
Corvette C6R;2021;loose;
TV Series Batmobile;2021;loose;
Pininfarina battista;2021;loose;
1991 GMC Syclone;2019;loose;
Duck N' Roll;2019;loose;
Dodge Rampage;2020;loose;
99 Honda Civic type R;2020;loose;
49 Ford F1;2012;loose;
Nissan Maxima Drift car;2021;loose;
Chevelle SS Express;2007;loose;
95 Mazda RX-7;2017;loose;
Toyota Supra;2012;loose;
94 Audi Avant Rs2;2020;loose;
64 Chevy Nova Wagon;2012;loose;
Mad manga;2011;loose;
70s Van;1974;loose;
Honda s2000;2019;loose;
Mercedes-Benz 500E;2020;loose;
Custom Ford Maverick;2017;loose;
El Camino;2012;loose;
2016 Ford GT Race;2016;loose;
1978 Dodge LI'L Red express truck;2018;loose;
Porsche 935;2020;loose;
Veloci-Racer;2019;loose;
LB-Silhouette works gt Nissan 35GT-RR Ver2;2020;loose;
20 Toyota GR Supra;2020;loose;
Jaguar XE SV Project 8;2018;loose;
2009 Ford F-150;2008;loose;
Sand burner;2020;loose;
Cosmic Coupe;2020;loose;
Fast fish;2021;loose;
Mazda Repu;2016;loose;
Tesla roadster;2020;loose;
Tooned VW Golf MK1 ;2021;loose;
2020 Jaguar F-Type;2020;loose;
Hi-Beam;2017;loose;
Volkswagen käfer racer;2016;loose;
1967 Ford GT40 Mk.IV;2020;loose;
65 mustang fastback;2007;loose;
Mercedes-Benz 500E;2020;loose;
87 Ford Sierra Cosworth;2021;loose;
Pagani Huayra;2012;loose;
Mclaren F1 GTR;2017;loose;
Lamborghini Sian FKP 37;2021;loose;
87 Ford Mustang GT;2010;loose;
Custom '53 cadillac;2008;loose;
68 Mercury Cougar;2013;loose;
Dodge Viper RT/10;1992;loose;
Dodge Viper RT/10;1992;loose;
Dodge Viper RT/10;1992;loose;
Minecart;2015;loose;
Minecart;2015;loose;
Back to the future time machine;2021;loose;
1970 pontiac firebird;2021;loose;
tooned VW Golf MK1 ;2021;loose;
Corvette Grand Sport roadster;2018;loose;
62 Corvette Gasser;2021;loose;
Mclaren F1;2020;loose;
Quick Bite;2017;loose;
Dimachini veloce;2021;loose;
68 dodge dart;2021;loose;
69 copo corvette;2010;loose;
2019 mercedes-benz A-class;2018;loose;
Ford focus RS;2016;loose;
67 chevy;1978;loose;
Big-air bel-air;2019;loose;
Pagani Zonda R;2021;loose;
Mazda RX-3;2015;loose;
Pininfarina battista;2021;loose;
dodge challenger drift car;2010;loose;
Mclaren Elva;2021;loose;
Shelby cobra 427 S/C;1982;loose;
Porsche 935;2021;loose;
Porsche 935;2021;loose;
Koenigsegg gemera;2021;loose;
Donut Drifter;2019;loose;
Mercedes benz unimog 1300;2018;loose;
95 Mazda RX-7;2017;loose;
Lotus sport elise;2021;loose;
Custom '18 ford mustang GT;2018;loose;
U.S.S. Enterprise NCC-1701;2013;loose;
Honda Civic Custom;2021;loose;
Range Rover classic;2021;loose;
84 Audi Sport quattro;2018;loose;
Fly-By;2013;loose;
95 Jeep cheroke;2021;loose;
Nissan Z Proto;2021;loose;
Nissan Z Proto;2021;loose;
2019 mercedes-benz A-class;2018;loose;
73 BMW 3.0 CSL race car;2015;loose;
94 Bugatti EB110 SS;2020;loose;
94 Bugatti EB110 SS;2020;loose;
Nissan Skyline HT 2000GT-X;2011;loose;
Lets Go;2013;loose;
70 Dodge charger;2016;loose;
90 Acura NSX;2014;loose;
Toyota Supra;2012;loose;
71 lamborghini Miura P400SV;2017;loose;
LB-Silhouette works gt Nissan 35GT-RR Ver2;2020;loose;
Aston Martin V12 Speedster;2021;loose;
Mazda RX-7;2011;loose;
20 Toyota GR Supra;2020;loose;
Lotus Emira;2022;loose;
69 Copo Camaro;2019;loose;
Subaru WRX STI;2021;loose;
Ford escort RS2000;2022;loose;
drift rod;2016;loose;
2023 Nissan Z;2021;loose;
Ford Shelby GT350R;2015;loose;
LB Super Silhouette Nissan Silvia;2021;loose;
McLaren Elva;2021;loose;
Dodge Viper SRT110 ACR;2022;loose;
Hot wired;2021;loose;
Sky Dome;2016;loose;
District transport;2020;loose;
62 Ford mustang concept;2009;loose;
92 Ford mustang;2007;loose;
2015 Ford mustang GT Convertible;2016;loose;
69 Ford Mustang Boss 302;2019;loose;
71 Ford Mustang Mach 1;;loose;
Hotweiler;2016;loose;
Swamp buggy;2008;loose;
croc rod;2008;loose;
Turbo Rooster;2016;loose;
Knight Draggin';2013;loose;
Dodge viper RT/10;2016;loose;
Rollin' solo;2022;loose;
HW Braille Racer - Twin mill;2022;loose;
Solar reflex;2007;loose;
Nissan Silvia (S15);2022;loose;
Ford escort RS2000;2022;loose;
Porsche 911 Carrera RS 2.7;2022;loose;
2018 Bentley Continental GT3;2020;loose;
68 Corvette - Gas Monkey Garage;2016;loose;
Audi RS e-tron GT;2021;loose;
Renault Sport R.S. 01;2015;loose;
1988 Jeep Wagoneer;2022;loose;
The beatles yellow Submarine;2014;loose;
Tesla Model Y;2022;loose;
Lotus Emira;2022;loose;
88 Honda CR-X;2018;loose;
Ice Shredder;2014;loose;
86 Ford Thunderbird pro stock;2022;loose;
71 Porsche 911;2017;loose;
Mazda Repu;2016;loose;
2023 Nissan Z;2021;loose;
DMC Delorean;2009;loose;
Porsche Taycan Turbo S;2020;loose;
Mazda 787B;2022;loose;
Drone Duty;2022;loose;
HW-4-Trac;2022;loose;
Mitsubishi pajero evolution;2022;loose;
Pagani Zonda R;2021;loose;
BMW i8 Roadster;2018;loose;
McLaren P1;2014;loose;
84 Audi Sport Quattro;2018;loose;
Porsche 911 Carrera RS 2.7;2022;loose;
DMC Delorean;2003;loose;
Renault Sport R.S. 01;2015;loose;
LB Super Silhouette Nissan Silvia;2021;loose;
Audi '90 Quattro;2022;loose;
Corvette C7 Z06;2016;loose;
07 Ford Mustang;2007;loose;
87 Dodge D100;2017;loose;
Alfa Romeo GTV6 3.0;2022;loose;
Rally Speciale;2022;loose;
1970 Pontiac firebird;2021;loose;
BMW 507;2022;loose;
Porsche Taycan Turbo S;2020;loose;
71 Porsche 911;2017;loose;
17 Pagani Huayra Roadster;2017;loose;
2018 Bentley Continental GT3;2020;loose;
Aston Martin Vantage GTE;2021;loose;
Porsche 911 Carrera RS 2.7;2022;loose;
Porsche 935;2021;loose;
Corvette C6;2023;loose;
Porsche 911 Carrera RS 2.7;2022;loose;
Audi 90 Quattro;2022;loose;
Land rover series II;2023;loose;
Porsche 904 Carrera gts;2023;loose;
BMW M3 wagon;2023;loose;
mad mike drift attack;2022;loose;
McLaren souls get;2023;loose;
63 Studebaker Champ;2021;loose;
Cadillac project GTP Hyper car;2023;loose;
Alfa Romeo GTV6 3.0;2022;loose;
Porsche 911 Carrera RS 2.7;2022;loose;
Corvette Stingray;2024;loose;
1949 drag merc;2024;loose;
Pagani Utopia;2024;loose;
57 Chevy ;2024;loose;
Cadillac Project GTP Hyper card ;2023;loose;
94 Audi Avant RS2;2020;loose;
67 Chevy C10;2013;loose;
Alfa Romeo GTV6 3.0;2022;loose;
Datsun 240Z Custom;2022;loose;
Mitsubishi Lancer Evolution VI;2020;loose;
Bugatti Veyron;2022;loose;
Hako Type D;2024;loose;
;;;
;;;
;;;
;;;
;;;
;;;
;;;
;;;
;;;
;;;
;;;
;;;
;;;
;;;
;;;
;;;
;;;
;;;
;;;
;;;
;;;
;;;
;;;
;;;
;;;
;;;
;;;
;;;
;;;
;;;
;;;
;;;
;;;
;;;
;;;
;;;
;;;
;;;
;;;
;;;
;;;
;;;
;;;
;;;
;;;
;;;
;;;
;;;
;;;
;;;
;;;
;;;
;;;
;;;
;;;
;;;
;;;
;;;
;;;
;;;
;;;
;;;
;;;
;;;
;;;
;;;
;;;
;;;
;;;
;;;
;;;
;;;
;;;
;;;
;;;
;;;
;;;
;;;
;;;
;;;
;;;
;;;
;;;
;;;
;;;
;;;
;;;
;;;
;;;
;;;
;;;
;;;
;;;
;;;
;;;
;;;
;;;
;;;
;;;
;;;
;;;
;;;
;;;
;;;
;;;
;;;
;;;
;;;
;;;
;;;
;;;
;;;
;;;
;;;
;;;
;;;
;;;
;;;
;;;
;;;
;;;
;;;
;;;
;;;
;;;
;;;
;;;
;;;
;;;
;;;
;;;
;;;
;;;
;;;
;;;
;;;
;;;
;;;
;;;
;;;
;;;
;;;
;;;
;;;
;;;
;;;
;;;
;;;
;;;
;;;
;;;
;;;
;;;
;;;
;;;
;;;
;;;
;;;
;;;
;;;
;;;
;;;
;;;
;;;
;;;
;;;
;;;
;;;
;;;
;;;
;;;
;;;
;;;
;;;
;;;
;;;
;;;
;;;
;;;
;;;
;;;
;;;
;;;
;;;
;;;
;;;
;;;
;;;
;;;
;;;
;;;
;;;
;;;
;;;
;;;
;;;
;;;
;;;
;;;
;;;
;;;
;;;
;;;
;;;
;;;
;;;
;;;
;;;
;;;
;;;
;;;
;;;
;;;
;;;
;;;
;;;
;;;
;;;
;;;
;;;
;;;
;;;
;;;
;;;
;;;
;;;
;;;
;;;
;;;
;;;
;;;
;;;
;;;
;;;
;;;
;;;
;;;
;;;
;;;
;;;
;;;
;;;
;;;
;;;
;;;
;;;
;;;
;;;
;;;
;;;
;;;
;;;
;;;
;;;
;;;
;;;
;;;
;;;
;;;
;;;
;;;
;;;
;;;
;;;
;;;
;;;
;;;
;;;
;;;
;;;
;;;
;;;
;;;
;;;
;;;
;;;
;;;
;;;
;;;
;;;
;;;
;;;
;;;
;;;
;;;
;;;
;;;
;;;
;;;
;;;
;;;
;;;
;;;
;;;
;;;
;;;
;;;
;;;
;;;
;;;
;;;
;;;
;;;
;;;
;;;
;;;
;;;
;;;
;;;
;;;
;;;
;;;
;;;
;;;
;;;
;;;
;;;
;;;
;;;
;;;
;;;
;;;
;;;
;;;
;;;
;;;
;;;
;;;
;;;
;;;
;;;
;;;
;;;
;;;
;;;
;;;
;;;
;;;
;;;
;;;
;;;
;;;
;;;
;;;
;;;
;;;
;;;
;;;
;;;
;;;
;;;
;;;
;;;
;;;
;;;
;;;
;;;
;;;
;;;
;;;
;;;
;;;
;;;
;;;
;;;
;;;
;;;
;;;
;;;
;;;
;;;
;;;
;;;
;;;
;;;
;;;
;;;
;;;
;;;
;;;
;;;
;;;
;;;
;;;
;;;
;;;
;;;
;;;
;;;
;;;
;;;
;;;
;;;
;;;
;;;
;;;
;;;
;;;
;;;
;;;
;;;
;;;
;;;
;;;
;;;
;;;
;;;
;;;
;;;
;;;
;;;
;;;
;;;
;;;
;;;
;;;
;;;
;;;
;;;
;;;
;;;
;;;
;;;
;;;
;;;
;;;
;;;
;;;
;;;
;;;
;;;
;;;
;;;
;;;
;;;
;;;
;;;
;;;
;;;
;;;
;;;
;;;
;;;
;;;
;;;
;;;
;;;
;;;
;;;
;;;
;;;
;;;
;;;
;;;
;;;
;;;
;;;
;;;
;;;
;;;
;;;
;;;
;;;
;;;
;;;
;;;
;;;
;;;
;;;
;;;
;;;
;;;
;;;
;;;
;;;
;;;
;;;
;;;
;;;
;;;
;;;
;;;
;;;
;;;
;;;
;;;
;;;
;;;
;;;
;;;
;;;
;;;
;;;
;;;
;;;
;;;
;;;
;;;
;;;
;;;
;;;
;;;
;;;
;;;
;;;
;;;
;;;
;;;
;;;
;;;
;;;
;;;
;;;
;;;
;;;
;;;
;;;
;;;
;;;
;;;
;;;
;;;
;;;
;;;
;;;
;;;
;;;
;;;
;;;
;;;
;;;
;;;
;;;
;;;
;;;
;;;
;;;
;;;
;;;
;;;
;;;
;;;
;;;
;;;
;;;
;;;
;;;
;;;
;;;
;;;
;;;
;;;
;;;
;;;
;;;
;;;
;;;
;;;
;;;
;;;
;;;
;;;
;;;
;;;
;;;
;;;
;;;
;;;
;;;
;;;
;;;
;;;
;;;
;;;
;;;
;;;
;;;
;;;
;;;
;;;
;;;
;;;
;;;
;;;
;;;
;;;
;;;
;;;
;;;
;;;
;;;
;;;
;;;
;;;
;;;
;;;
;;;
;;;
;;;
;;;
;;;
;;;
;;;
;;;
;;;
;;;
;;;
;;;
;;;
;;;
;;;
;;;
;;;
;;;
;;;
;;;
;;;
;;;
;;;
;;;
;;;
;;;
;;;
;;;
;;;
;;;
;;;
;;;
;;;
;;;
;;;
;;;
;;;
;;;
;;;
;;;
;;;
;;;
;;;
;;;
;;;
;;;
;;;
;;;
;;;
;;;
;;;
;;;
;;;
;;;
;;;
;;;
;;;
;;;
;;;
;;;
;;;
;;;
;;;
;;;
;;;
;;;
;;;
;;;
;;;
;;;
;;;
;;;
;;;
;;;
;;;
;;;
;;;
;;;
;;;
;;;
;;;
;;;
;;;
;;;
;;;
;;;
;;;
;;;
;;;
;;;
;;;
;;;
;;;
;;;
;;;
;;;
;;;
;;;
;;;
;;;
;;;
;;;
;;;
;;;
;;;
;;;
;;;
;;;
;;;
;;;
;;;
;;;
;;;
;;;
;;;
;;;
;;;
;;;
;;;
;;;
;;;
;;;
;;;
;;;
;;;
;;;
;;;
;;;
;;;
;;;
;;;
;;;
;;;
;;;
;;;
;;;
;;;
;;;
;;;
;;;
;;;
;;;
;;;
;;;
;;;
;;;
;;;
;;;
;;;
;;;
;;;
;;;
;;;
;;;
;;;
;;;
;;;
;;;
;;;
;;;
;;;
;;;
;;;
;;;
;;;
;;;
;;;
;;;
;;;
;;;
;;;
;;;
;;;
;;;
;;;
;;;
;;;
;;;
;;;
;;;
;;;
;;;
;;;
;;;
;;;
;;;
;;;
;;;
;;;
;;;
;;;
;;;
;;;
;;;
;;;
;;;
;;;
;;;
;;;
;;;
;;;
;;;
;;;
;;;
;;;
;;;
;;;
;;;
;;;
;;;
;;;
;;;
;;;
;;;
;;;
;;;
;;;
;;;
;;;
;;;
;;;
;;;
;;;
;;;
;;;
;;;
;;;
;;;
;;;
;;;
;;;
;;;
;;;
;;;
;;;
;;;
;;;
;;;
;;;
;;;
;;;
;;;
;;;
;;;
;;;
Name;Year;;
